{
  "produtos": [
    { "id": 1, "nome": "🍚 Arroz 5kg", "preco": 25.50, "quantidade": 50 },
    { "id": 2, "nome": "🫘 Feijão Carioca 1kg", "preco": 8.90, "quantidade": 40 },
    { "id": 3, "nome": "🛢️ Óleo de Soja 900ml", "preco": 7.50, "quantidade": 60 },
    { "id": 4, "nome": "🍬 Açúcar Cristal 1kg", "preco": 4.20, "quantidade": 50 },
    { "id": 5, "nome": "🌾 Farinha de Trigo 1kg", "preco": 5.80, "quantidade": 30 },
    { "id": 6, "nome": "🥛 Leite UHT 1L", "preco": 6.00, "quantidade": 40 },
    { "id": 7, "nome": "🍫 Chocolate Ao Leite 90g", "preco": 4.50, "quantidade": 25 },
    { "id": 8, "nome": "🍝 Macarrão Espaguete 500g", "preco": 3.90, "quantidade": 35 },
    { "id": 9, "nome": "☕ Café Torrado 500g", "preco": 12.50, "quantidade": 30 },
    { "id": 10, "nome": "🧂 Sal Refinado 1kg", "preco": 2.50, "quantidade": 50 },
    { "id": 11, "nome": "🧈 Margarina 250g", "preco": 4.00, "quantidade": 45 },
    { "id": 12, "nome": "🍞 Pão de Forma 500g", "preco": 7.00, "quantidade": 40 },
    { "id": 13, "nome": "🥤 Refrigerante Cola 2L", "preco": 9.50, "quantidade": 35 },
    { "id": 14, "nome": "🍊 Suco de Laranja 1L", "preco": 6.80, "quantidade": 30 },
    { "id": 15, "nome": "🍲 Massa de Lasanha 500g", "preco": 5.50, "quantidade": 25 }
  ]
}
